<schemalist>
	<schema id="com.ubuntu-tweak.tweak" path="/apps/ubuntu-tweak/tweak/" gettext-domain="ubuntu-tweak">
		<key name="recently-used" type="as">
			<default>[]</default>
			<summary>Recently Used</summary>
			<description>
			  Add the last access feature to here, the module name or feature name
			</description>
		</key>
		<key name="clips" type="as">
			<default>['HardwareInfo', 'SystemInfo', 'CleanerInfo', 'UpdateInfo']</default>
			<summary>The clips in overview page</summary>
			<description>
			  The clips you want to show in the overview page
			</description>
		</key>
		<key name="tweaks" type="as">
			<default>[]</default>
			<summary>The tweaks extension</summary>
			<description>
			  The third-party tweaks extension
			</description>
		</key>
		<key name="admins" type="as">
			<default>[]</default>
			<summary>The admins extension</summary>
			<description>
			  The third-party admins extension
			</description>
		</key>
		<key name="auto-backup" type="b">
			<default>true</default>
			<summary>Auto Backup for every sources.list changes</summary>
			<description>
			  Auto Backup for every sources.list changes
			</description>
		</key>
		<key name="window-size" type="(ii)">
			<default>(-1,-1)</default>
			<summary>The width and height of window</summary>
			<description>
			  The width and height of window
			</description>
		</key>
		<key name="last-clip-location" type="s">
			<default>''</default>
			<summary>Last clip selection location</summary>
			<description>
			  Last clip selection location
			</description>
		</key>
		<key name="appcenter-has-update" type="b">
			<default>false</default>
			<summary>Last clip selection location</summary>
			<description>
			  Last clip selection location
			</description>
		</key>
		<key name="appcenter-version" type="s">
			<default>''</default>
			<summary>Last clip selection location</summary>
			<description>
			  Last clip selection location
			</description>
		</key>
	</schema>
	<schema id="com.ubuntu-tweak.apps" path="/apps/ubuntu-tweak/apps/" gettext-domain="ubuntu-tweak">
		<key name="disable-warning" type="b">
			<default>false</default>
			<summary>Show warnings for sources</summary>
			<description>
              Show warnings for sources
			</description>
		</key>
		<key name="apps-can-update" type="b">
			<default>false</default>
			<summary>Identify if there's update for apps</summary>
			<description>
              Identify if there's update for apps
			</description>
		</key>
		<key name="apps-version" type="s">
			<default>''</default>
			<summary>The version of online apps data</summary>
			<description>
              The version of online apps data
			</description>
		</key>
		<key name="sources-can-update" type="b">
			<default>false</default>
			<summary>Identify if there's update for sources</summary>
			<description>
              Identify if there's update for sources
			</description>
		</key>
		<key name="sources-version" type="s">
			<default>''</default>
			<summary>The version of online sources data</summary>
			<description>
              The version of online sources data
			</description>
		</key>
	</schema>
	<schema id="com.ubuntu-tweak.janitor" path="/apps/ubuntu-tweak/janitor/" gettext-domain="ubuntu-tweak">
		<key name="plugins" type="as">
			<default>[]</default>
			<summary>The janitor extension</summary>
			<description>
			  The third-party janitor extension
			</description>
		</key>
		<key name="auto-scan" type="b">
			<default>true</default>
			<summary>Auto Scan</summary>
			<description>
			  Auto Scan the cruft when use select the items
			</description>
		</key>
		<key name="janitor-view-width" type="i">
			<default>0</default>
			<summary>Janitor View Width</summary>
			<description>
			  Janitor View Width
			</description>
		</key>
	</schema>
</schemalist>
